url,title,description
https://treksit.com/,Treksit | Interstellar puzzle based on Graph Theory,How good is your logic? Put it to the test with this puzzle game.
https://recursivearts.com/virtual-piano/,Virtual Piano | Play the Best Musical Keyboard Online,"Experience the most realistic virtual piano online. Play free interactive songs, share your recordings and learn notes and scales on multiple instruments."
https://treksit.com/,Treksit | Interstellar puzzle based on Graph Theory,How good is your logic? Put it to the test with this puzzle game.
https://www.businessideaprompts.com/,Business Idea Prompts,
https://treksit.com/,Treksit | Interstellar puzzle based on Graph Theory,How good is your logic? Put it to the test with this puzzle game.
https://treksit.com/,Treksit | Interstellar puzzle based on Graph Theory,How good is your logic? Put it to the test with this puzzle game.
https://recursivearts.com/virtual-piano/,Virtual Piano | Play the Best Musical Keyboard Online,"Experience the most realistic virtual piano online. Play free interactive songs, share your recordings and learn notes and scales on multiple instruments."
https://recursivearts.com/virtual-piano/,Virtual Piano | Play the Best Musical Keyboard Online,"Experience the most realistic virtual piano online. Play free interactive songs, share your recordings and learn notes and scales on multiple instruments."
https://www.tryscribe.world/,Scribe,Intelligent summaries for your meetings. In one click.
https://www.cassettine.com/,Cassettine | Make your playlist pop,"Send a customized music playlist from spotify, apple music or youtube music in just 60 seconds."
https://madebyv.in/linllms,The L in LLMs - Made by V,
https://www.chm.bris.ac.uk/motm/motm.htm,The Molecule of the Month home page,"The Molecule of the Month home page, based at the School of Chemistry, University of Bristol"
https://www.redditspeak.com/,redditSpeak,
https://www.redditspeak.com/,redditSpeak,
https://www.atlasobscura.com/,Atlas Obscura - Curious and Wondrous Travel Destinations,"Definitive guidebook and friendly tour-guide to the world's most wondrous places. Travel tips, articles, strange facts and unique events."
https://www.atlasobscura.com/,Atlas Obscura - Curious and Wondrous Travel Destinations,"Definitive guidebook and friendly tour-guide to the world's most wondrous places. Travel tips, articles, strange facts and unique events."
https://webl.pro/?ref=rdt,WebL - My Web Launcher,"WebL, short for ""Web Launcher"", is a website that lets you organize your bookmarks and most visited websites on your homepage and access them conveniently. It is simple, clean, elegant, efficient, productive and easy to use.We want to deliver our users with delightful user experiences and we believe your bookmarks should be easy to access rather than saved in your folders."
https://www.atlasobscura.com/,Atlas Obscura - Curious and Wondrous Travel Destinations,"Definitive guidebook and friendly tour-guide to the world's most wondrous places. Travel tips, articles, strange facts and unique events."
https://www.atlasobscura.com/,Atlas Obscura - Curious and Wondrous Travel Destinations,"Definitive guidebook and friendly tour-guide to the world's most wondrous places. Travel tips, articles, strange facts and unique events."
https://www.atlasobscura.com/,Atlas Obscura - Curious and Wondrous Travel Destinations,"Definitive guidebook and friendly tour-guide to the world's most wondrous places. Travel tips, articles, strange facts and unique events."
https://www.atlasobscura.com/,Atlas Obscura - Curious and Wondrous Travel Destinations,"Definitive guidebook and friendly tour-guide to the world's most wondrous places. Travel tips, articles, strange facts and unique events."
https://www.atlasobscura.com/,Atlas Obscura - Curious and Wondrous Travel Destinations,"Definitive guidebook and friendly tour-guide to the world's most wondrous places. Travel tips, articles, strange facts and unique events."
https://www.atlasobscura.com/,Atlas Obscura - Curious and Wondrous Travel Destinations,"Definitive guidebook and friendly tour-guide to the world's most wondrous places. Travel tips, articles, strange facts and unique events."
https://jacksonpollock.org/,http://www.jacksonpollock.org/ by Miltos Manetas!,
https://www.gregegan.net/BORDER/Soccer/Soccer.html,Quantum Soccer — Greg Egan,Illustrations for Border Guards by Greg Egan
https://publicdomainreview.org/collections/,Collections – The Public Domain Review,"We curate collections of images, books, audio and film, shining a light on curiosities and wonders from a wide range of online archives. Leaning toward the surprising, the strange, and the beautiful, we hope to provide an ever-growing cabinet of curiosities for the digital age."
https://formatswap.com/,Home - Format Swap,"Format Swap is an online collection of free file conversion tools. Easily convert png, jpg, pdf, ico, and bmp. As well as many other common file types."
https://publicdomainreview.org/collections/,Collections – The Public Domain Review,"We curate collections of images, books, audio and film, shining a light on curiosities and wonders from a wide range of online archives. Leaning toward the surprising, the strange, and the beautiful, we hope to provide an ever-growing cabinet of curiosities for the digital age."
https://publicdomainreview.org/collections/,Collections – The Public Domain Review,"We curate collections of images, books, audio and film, shining a light on curiosities and wonders from a wide range of online archives. Leaning toward the surprising, the strange, and the beautiful, we hope to provide an ever-growing cabinet of curiosities for the digital age."
https://palette.fm/,Colorize Photos - Try Free without Sign-up - Palette.fm,"Colorize your black and white images within seconds. Try our online AI colorize tool for free, no sign-up needed."
https://palette.fm/,Colorize Photos - Try Free without Sign-up - Palette.fm,"Colorize your black and white images within seconds. Try our online AI colorize tool for free, no sign-up needed."
https://simplepdf.eu/,SimplePDF - A free PDF editor to easily edit documents and fill in forms,"The online PDF editor that respects your privacy: add text, checkboxes, add and remove pages, sign your PDFs in a few seconds"
https://gpslogdrive.com/,GPS Log Drive,Web site created using create-react-app
http://www.salepier.com/,SalePier,Discover the sales tools top performers use to close more deals.
https://www.writingaid.co/,writing,
https://createwithai.herokuapp.com/?from=reddit&sub=internet,Consent Form,
https://seeker.so/,Seeker - Enterprise Search,"Seeker is the ultimate enterprise search solution. Find anything your company knows, instantly."
https://createwithai.herokuapp.com/?from=reddit&sub=internet,Consent Form,
https://createwithai.herokuapp.com/?from=reddit&sub=internet,Consent Form,
https://createwithai.herokuapp.com/?from=reddit&sub=internet,Consent Form,
https://readpoopfiction.com/,Poop Fiction,We pick the perfect story for your bathroom break - the only paper you need is on the roll.
https://readpoopfiction.com/,Poop Fiction,We pick the perfect story for your bathroom break - the only paper you need is on the roll.
https://readpoopfiction.com/,Poop Fiction,We pick the perfect story for your bathroom break - the only paper you need is on the roll.
https://readpoopfiction.com/,Poop Fiction,We pick the perfect story for your bathroom break - the only paper you need is on the roll.
http://affirmations.smoljames.com/,Affirmations,"Affirmations are important because they are tools that can aid in reshaping our subconscious beliefs and attitudes. They serve as conscious, positive messages to our minds, helping to encourage self-belief, confidence, and resilience. By regularly repeating positive statements, we can foster a more optimistic mindset and even stimulate areas of the brain associated with positive action. This can lead to improved mental wellbeing, increased motivation, and a greater likelihood of achieving personal goals. "
https://second-degree-dinner.com/,Second-degree dinners,Find out about second-degree dinners: A great way to meet new people in your city and make meaningful connections.
https://readpoopfiction.com/,Poop Fiction,We pick the perfect story for your bathroom break - the only paper you need is on the roll.
https://readpoopfiction.com/,Poop Fiction,We pick the perfect story for your bathroom break - the only paper you need is on the roll.
https://simplepdf.eu/,SimplePDF - A free PDF editor to easily edit documents and fill in forms,"The online PDF editor that respects your privacy: add text, checkboxes, add and remove pages, sign your PDFs in a few seconds"
https://getscore.app/chrome?ref=r3,Score App - Shop similar items for less. - Chrome Web Store,Save money by finding the best deals on similar items.
https://getscore.app/chrome?ref=r3,Score App - Shop similar items for less. - Chrome Web Store,Save money by finding the best deals on similar items.
https://elevator63.com/dictionary-of-divinity/,Dictionary of Divinity,"The Dictionary of Divinity is an alphabetical list of positive character traits, personality descriptors, and virtues. Essentially these are qualities that people often feel proud to possess or aspire to have. Currently there are over 350 entries. "
https://simplepdf.eu/,SimplePDF - A free PDF editor to easily edit documents and fill in forms,"The online PDF editor that respects your privacy: add text, checkboxes, add and remove pages, sign your PDFs in a few seconds"
https://simplepdf.eu/,SimplePDF - A free PDF editor to easily edit documents and fill in forms,"The online PDF editor that respects your privacy: add text, checkboxes, add and remove pages, sign your PDFs in a few seconds"
https://hoodmaps.com/london-neighborhood-map,London Neighborhood Map,"London Neighborhood Map: St. James's: Gay++, Bishop's: Sauron, Holborn and Covent Garden: Stuff we stole from your country, Vincent Square: Young rich kids, Marylebone High Street: Please get out of the way, Warwick: Victoria would not want her name on here, Prince's: Gay clubs, Cathedrals: I came from Miniminter's video, Tachbrook: chemsex, King's Cross: Way to Hogwarts, Clerkenwell: Street Lunch"
https://hoodmaps.com/london-neighborhood-map,London Neighborhood Map,"London Neighborhood Map: St. James's: Gay++, Bishop's: Sauron, Holborn and Covent Garden: Stuff we stole from your country, Vincent Square: Young rich kids, Marylebone High Street: Please get out of the way, Warwick: Victoria would not want her name on here, Prince's: Gay clubs, Cathedrals: I came from Miniminter's video, Tachbrook: chemsex, King's Cross: Way to Hogwarts, Clerkenwell: Street Lunch"
https://hoodmaps.com/london-neighborhood-map,London Neighborhood Map,"London Neighborhood Map: St. James's: Gay++, Bishop's: Sauron, Holborn and Covent Garden: Stuff we stole from your country, Vincent Square: Young rich kids, Marylebone High Street: Please get out of the way, Warwick: Victoria would not want her name on here, Prince's: Gay clubs, Cathedrals: I came from Miniminter's video, Tachbrook: chemsex, King's Cross: Way to Hogwarts, Clerkenwell: Street Lunch"
https://hoodmaps.com/london-neighborhood-map,London Neighborhood Map,"London Neighborhood Map: St. James's: Gay++, Bishop's: Sauron, Holborn and Covent Garden: Stuff we stole from your country, Vincent Square: Young rich kids, Marylebone High Street: Please get out of the way, Warwick: Victoria would not want her name on here, Prince's: Gay clubs, Cathedrals: I came from Miniminter's video, Tachbrook: chemsex, King's Cross: Way to Hogwarts, Clerkenwell: Street Lunch"
https://hoodmaps.com/london-neighborhood-map,London Neighborhood Map,"London Neighborhood Map: St. James's: Gay++, Bishop's: Sauron, Holborn and Covent Garden: Stuff we stole from your country, Vincent Square: Young rich kids, Marylebone High Street: Please get out of the way, Warwick: Victoria would not want her name on here, Prince's: Gay clubs, Cathedrals: I came from Miniminter's video, Tachbrook: chemsex, King's Cross: Way to Hogwarts, Clerkenwell: Street Lunch"
